Generation,Identifier,Finish,Storage,Model
iPhone,"iPhone1,1",Black,4 GB,MA501
,,,8 GB,MA712
,,,16 GB,MB384
iPhone 3G,"iPhone1,2",Black,8 GB,"MB046, MB489, MB639, MB702, MC176, MB490, MB757"
,,,16 GB,"MB048, MB496, MB497, MB704, MB631"
,,White,,"MB499, MB500, MB501, MB632, MB705"
iPhone 3GS,"iPhone2,1",Black,8 GB,"MC555, MC640, MC637"
,,,16 GB,"MB715, MB719, MB735, MC131, MC135, MC139, MC143"
,,,32 GB,"MB717, MB737, MC133, MC137, MC141, MC158"
,,White,16 GB,"MB716, MB736, MC132, MC136, MC140, MC144"
,,,32 GB,"MB718, MB738, MC134, MC138, MC160"
iPhone 4,"iPhone3,1",Black,8 GB,"MD126, MD127, MD128"
,,,16 GB,"MC318, MC603, MC608"
,,,32 GB,"MC319, MC605, MC610"
,,White,8 GB,"MD196, MD197, MD198"
,,,16 GB,"MC604, MC536, MC607, MC609"
,,,32 GB,"MC606, MC537, MC611"
,"iPhone3,2",Black,8 GB,"MD128, ME798"
,,White,,ME799
,"iPhone3,3",Black,8 GB,"MD146, MD439, MD873, ME639"
,,,16 GB,MC676
,,,32 GB,MC678
,,White,8 GB,"MD200, MD440, MD874"
,,,16 GB,MC677
,,,32 GB,MC679
iPhone 4S,"iPhone4,1",Black,8 GB,"ME259, MF257, MF261, MF263, MF265, MF269, MF259, MF267"
,,,16 GB,"MC918, MC922, MD234, MD235, MD276, MD377, MD865, ME804, MD236, MD251, MD254"
,,,32 GB,"MC919, MC923, MD241, MD242, MD278, MD379, MD261, MD243"
,,,64 GB,"MD257, MD258, MD269, MD280, MD381, MD259, MD270"
,,White,8 GB,"MF258, MF260, MF262, MF264, MF266, MF270, MF268"
,,,16 GB,"MC920, MC924, MD237, MD239, MD277, MD378, MD866, ME805, MD240, MD920"
,,,32 GB,"MC921, MD244, MD279, MD380, MD246, MD245, MC925"
,,,64 GB,"MD260, MD271, MD272, MD281, MD382, MD262"
iPhone 5,"iPhone5,1",Black & Slate,16 GB,"MD293, MD634, MD638, ME486"
,,,32 GB,"MD295, MD636, ME488, MD640"
,,,64 GB,"MD642, MD644, ME490, MD646"
,,White & Silver,16 GB,"MD294, MD635, ME487, MD639"
,,,32 GB,"MD296, MD637, ME489, MD641"
,,,64 GB,"MD643, MD645, ME491, MD647"
,"iPhone5,2",Black & Slate,16 GB,"MD297, MD654, MD656, ME039, MD097, MD669, MD671"
,,,32 GB,"MD299, MD658, MD660, ME041"
,,,64 GB,"MD662, MD664, MD667, ME043"
,,White & Silver,16 GB,"MD298, MD655, MD657, ME040, MD105, MD672"
,,,32 GB,"MD300, MD659, MD661, ME042, MD144"
,,,64 GB,"MD663, MD665, MD668, ME044"
iPhone 5c,"iPhone5,3",Blue,16 GB,"ME507, ME531, ME543"
,,,32 GB,"MF136, MF151"
,,Green,16 GB,"ME508, ME496, ME544, ME568"
,,,32 GB,"MF137, MF152"
,,Pink,16 GB,"ME509, ME533, ME545"
,,,32 GB,"MF138, MF133, MF153"
,,White,16 GB,"ME505, ME493, ME541, ME565"
,,,32 GB,"MF134, MF149"
,,Yellow,8 GB,MGF12
,,,16 GB,ME506
,,,32 GB,MF135
,"iPhone5,4",Blue,8 GB,"MG0T2, MG1U2, MG902"
,,,16 GB,"ME555, ME501, ME561, MF323, MF333"
,,,32 GB,MF156
,,Green,8 GB,"MG0V2(?), MG1W2(?), MG912"
,,,16 GB,"ME556, ME502, MF324"
,,,32 GB,"MF157, MF095, MF329"
,,Pink,8 GB,"MG0V2(?), MG1W2(?), MG922"
,,,16 GB,"ME557, ME503"
,,,32 GB,"MF158, MF330"
,,White,8 GB,"MG0Q2, MG1Q2, MG8X2"
,,,16 GB,"ME553, ME499, MF321"
,,,32 GB,"MF154, MF326"
,,Yellow,8 GB,"MG0R2, MG1R2, MG8Y2"
,,,16 GB,"ME554, MF322"
,,,32 GB,"MF155, MF327"
iPhone 5s,"iPhone6,1",Gold,16 GB,"ME298, ME307, ME325, ME343, ME334"
,,,32 GB,"ME301, ME310, ME328, ME346, ME337"
,,,64 GB,"ME304, ME313, ME331, ME349, ME340"
,,Silver,16 GB,"ME297, ME306, ME324, ME333, ME342"
,,,32 GB,"ME300, ME309, ME327, ME345, ME336"
,,,64 GB,"ME303, ME312, ME348, ME339, ME330, MF359"
,,Space Gray,16 GB,"ME296, ME305, ME323, ME341, ME332, MF797"
,,,32 GB,"ME299, ME308, ME326, ME344, ME335, MF384"
,,,64 GB,"ME302, ME311, ME329, ME347, ME338"
,"iPhone6,2",Gold,16 GB,"ME434, MF354, MF398, MF363"
,,,32 GB,"ME437, MF357"
,,,64 GB,"ME440, MF360"
,,Silver,16 GB,"ME433, MF353, MF362"
,,,32 GB,"ME436, MF356"
,,,64 GB,ME439
,,Space Gray,16 GB,"ME432, MF352"
,,,32 GB,"ME435, MF355"
,,,64 GB,"ME438, MF358"
iPhone 6,"iPhone7,2",Gold,16 GB,"MG3D2, MG492, MG4Q2, MG562, MG5Y2, MG6C2"
,,,32 GB[2],MQ3E2
,,,64 GB,"MG3L2, MG4J2, MG502, MG652, MG6J2, MG842"
,,,128 GB,"MG3G2, MG4E2, MG4V2, MG622"
,,Silver,16 GB,"MG3C2, MG4P2, MG482, MG5X2, MG552, MG6A2, MG7W2"
,,,64 GB,"MG3K2, MG4H2, MG4X2, MG5C2, MG6H2, MG642, MG822"
,,,128 GB,"MG3F2, MG4C2, MG612"
,,Space Gray,16 GB,"MG3A2, MG4N2, MG472, MG5H2, MG5W2, MG542, MG692"
,,,32 GB[2],"MQ3D2, MQ462"
,,,64 GB,"MG3H2, MG4F2, MG4W2, MG5A2, MG6G2, MG632"
,,,128 GB,"MG3E2, MG4A2, MG4R2, MG602"
iPhone 6 Plus,"iPhone7,1",Gold,16 GB,"MGAA2, MGAN2, MGC12, MGCM2, MGCX2"
,,,64 GB,"MGAK2, MGAW2, MGC72, MGCU2"
,,,128 GB,"MGAF2, MGAR2, MGC42, MGCQ2"
,,Silver,16 GB,"MGA92, MGC92, MGAM2, MGC02, MGCL2"
,,,64 GB,"MGAJ2, MGAV2, MGC62, MGCT2"
,,,128 GB,"MGAE2, MGAQ2, MGC32, MGCP2"
,,Space Gray,16 GB,"MGA82, MGAL2, MGAX2, MGCK2"
,,,64 GB,"MGAH2, MGAU2, MGC52, MGCR2"
,,,128 GB,"MGAC2, MGAP2, MGC22, MGCN2"
iPhone 6s,"iPhone8,1",Gold,16 GB,"MKQL2, MKQ72, MKR12, MKRE2, MKRW2, MKT92, ML7E2"
,,,32 GB,"MN0P2, MN172, MN1K2, MN1U2, MN1Y2, MN112"
,,,64 GB,"MKQC2, MKQQ2, MKR52, MKRJ2, MKT12, MKTE2, ML7J2"
,,,128 GB,"MKQG2, MKQV2, MKR92, MKRP2, MKT52, MKTJ2, ML7N2"
,,Rose Gold,16 GB,"MKQM2, MKQ82, MKRF2, MKRX2, MKR22, MKTA2, ML7F2"
,,,32 GB,"MN0V2, MN192, MN1L2, MN1V2, MN202, MN122"
,,,64 GB,"MKQD2, MKQR2, MKR62, MKRK2, MKT22, MKTF2, ML7K2"
,,,128 GB,"MKQH2, MKQW2, MKRA2, MKRQ2, MKT62, MKTK2, ML7P2"
,,Silver,16 GB,"MKQ62, MKQK2, MKQY2, MKRD2, MKRT2, MKT82, ML7D2, NKQJ2"
,,,32 GB,"MN0N2, MN162, MN1G2, MN1Q2, MN1X2, MN0X2"
,,,64 GB,"MKQA2, MKQP2, MKR42, MKRH2, MKT02, MKTD2, ML7H2"
,,,128 GB,"MKQF2, MKQU2, MKR82, MKRM2, MKT42, MKTH2, ML7M2"
,,Space Gray,16 GB,"MKQ52, MKQJ2, MKQX2, MKRC2, MKRR2, MKT72, ML7C2"
,,,32 GB,"MN0M2, MN132, MN1E2, MN1M2, MN1W2, MN0W2"
,,,64 GB,"MKQN2, MKQ92, MKR32, MKRG2, MKRY2, MKTC2, ML7G2"
,,,128 GB,"MKQE2, MKQT2, MKR72, MKRL2, MKT32, MKTG2, ML7L2"
iPhone 6s Plus,"iPhone8,2",Gold,16 GB,"MKTN2, MKU32, MKUN2, MKV62, MKVQ2, MKW72, ML6D2"
,,,32 GB,MN2X2
,,,64 GB,"MKTT2, MKU82, MKUV2, MKVD2, MKVX2, MKWD2, ML6H2"
,,,128 GB,"MKTX2, MKUF2, MKV12, MKVH2, MKW22, MKWH2, ML6M2"
,,Rose Gold,16 GB,"MKU52, ML6E2, MKTP2, MKUP2, MKV72, MKVU2, MKW82"
,,,32 GB,MN2Y2
,,,64 GB,"MKU92, ML6J2, MKTU2, MKUW2, MKVE2, MKVY2, MKWE2"
,,,128 GB,"MKUG2, MKV22, ML6N2, MKVJ2, MKTY2"
,,Silver,16 GB,"MKTM2, MKU22, MKUJ2, MKV52, MKVP2, MKW62, ML6C2"
,,,64 GB,"MKTR2, MKU72, MKUU2, MKV92, MKVW2, MKWC2, ML6G2"
,,,128 GB,"MKTW2, MKUE2, MKUY2, MKVG2, MKW12, MKWG2, ML6L2"
,,Space Gray,16 GB,"MKU12, ML6A2, MKV32, MKTL2, MKUH2, MKVN2, MKW52"
,,,32 GB,MN2V2
,,,64 GB,"MKU62, ML6F2, MKTQ2, MKUQ2, MKV82, MKVV2, MKW92, ML642"
,,,128 GB,"MKUD2, ML6K2, MKTV2, MKUX2, MKVF2, MKW02, MKWF2"
iPhone SE (1st generation),"iPhone8,4",Gold,16 GB,"MLXH2, MLXW2, MLY12, MLY52, MLY92, MLXM2"
,,,32 GB,"MP8D2, MP8R2, MP8H2, MP8M2, MP7V2, MP842"
,,,64 GB,"MLXK2, MLXY2, MLY32, MLY72, MLYC2, MLXP2"
,,,128 GB,"MP952, MP9J2, MP992, MP9E2, MP802, MP882"
,,Rose Gold,16 GB,"MLXJ2, MLXX2, MLY22, MLY62, MLYA2, MLXN2"
,,,32 GB,"MP8E2, MP8T2, MP8J2, MP8N2, MP7W2, MP852"
,,,64 GB,"MLXL2, MLY02, MLY42, MLY82, MLYD2, MLXQ2"
,,,128 GB,"MP962, MP9K2, MP9A2, MP9F2, MP812, MP892"
,,Silver,16 GB,"MLLM2, MLLV2, MLLX2, MLM02, MLM32, MLLP2"
,,,32 GB,"MP8C2, MP8Q2, MP8G2, MP8L2, MP7U2, MP832"
,,,64 GB,"MLM52, MLMC2, MLME2, MLMG2, MLMJ2, MLM72"
,,,128 GB,"MP942, MP9H2, MP982, MP9D2, MP7Y2, MP872"
,,Space Gray,16 GB,"MLLL2, MLLU2, MLLW2, MLLY2, MLM22, MLLN2"
,,,32 GB,"MP8A2, MP8P2, MP8F2, MP8K2, MP7T2, MP822"
,,,64 GB,"MLM42, MLM62, MLMA2, MLMD2, MLMF2, MLMH2"
,,,128 GB,"MP932, MP9G2, MP972, MP9C2, MP7X2, MP862"
iPhone 7,"iPhone9,1",Black,32 GB,"MN8G2, MNAC2, MNAY2, MNCE2, MNGQ2"
,,,128 GB,"MN8L2, MNAJ2, MNC32, MNCK2, MNGX2"
,,,256 GB,"MN8R2, MNAQ2, MNC82, MNCQ2"
,,Gold,32 GB,"MN8J2, MNAE2, MNC12, MNCG2"
,,,128 GB,"MN8N2, MNAL2, MNC52, MNCM2, MNH02"
,,,256 GB,"MN8U2, MNAV2, MNCA2, MNCT2, MN992"
,,Jet Black,128 GB,"MN8Q2, MNAP2, MNC72, MNCP2"
,,,256 GB,"MN8W2, MNAX2, MNCD2, MNCV2"
,,PRODUCT(RED),128 GB,"MPRV2, MPRT2, MPRH2, MPRL2"
,,,256 GB,"MPRW2, MPRU2, MPRJ2, MPRM2"
,,Rose Gold,32 GB,"MN8K2, MNAF2, MNC22, MNCJ2"
,,,128 GB,"MN8P2, MNAM2, MNC62, MNH12, MNCN2"
,,,256 GB,"MN8V2, MNAW2, MNCC2, MNCU2, MN9A2"
,,Silver,32 GB,"MN8H2, MNAD2, MNC02, MNCF2, MN8Y2"
,,,128 GB,"MN8M2, MNAK2, MNC42, MNCL2,a MN932"
,,,256 GB,"MN8T2, MNAU2, MNC92, MNCR2, MN982"
,"iPhone9,3",Black,32 GB,"MN9D2, MN9U2, MN8X2"
,,,128 GB,"MN9H2, MN9Y2, MN922"
,,,256 GB,"MN9N2, MNA62, MN972"
,,Gold,32 GB,"MN9F2, MN9W2, MN902"
,,,128 GB,"MN9K2, MNA32, MN942"
,,,256 GB,"MN9Q2, MNA82"
,,Jet Black,32 GB,"MQTR2, MQTX2"
,,,128 GB,"MN9M2, MNA52, MN962"
,,,256 GB,"MN9T2, MNAA2, MN9C2"
,,PRODUCT(RED),128 GB,"MPRN2, MPRQ2"
,,,256 GB,"MPRP2, MPRR2"
,,Rose Gold,32 GB,"MN9G2, MN9X2, MN912"
,,,128 GB,"MN9L2, MNA42, MN952"
,,,256 GB,"MN9R2, MNA92"
,,Silver,32 GB,"MN9E2, MN9V2"
,,,128 GB,"MN9J2, MNA02"
,,,256 GB,"MN9P2, MNA72"
iPhone 7 Plus,"iPhone9,2",Black,32 GB,"MNQH2, MNR12, MNR52, MNR92, MNRJ2"
,,,128 GB,"MN482, MN5T2, MN642, MN6F2, MNFP2"
,,,256 GB,"MN4E2, MN5Y2, MN692, MN6L2, MNFV2"
,,Gold,32 GB,"MNQK2, MNR32, MNR72, MNRC2, MNRL2"
,,,128 GB,"MN4A2, MN5V2, MN662, MN6H2, MNFR2"
,,,256 GB,"MN4J2, MN612, MN6C2, MN6N2"
,,Jet Black,32GB,MQU22
,,,128 GB,"MN4D2, MN5X2, MN682, MN6K2"
,,,256 GB,"MN4L2, MN632, MN6E2, MN6Q2"
,,PRODUCT(RED),128 GB,"MPR12, MPR02, MPQV2, MPQW2"
,,,256 GB,"MPRA2, MPR92, MPR52, MPR62"
,,Rose Gold,32 GB,"MNQL2, MNR42, MNR82, MNRD2, MNRM2"
,,,128 GB,"MN4C2, MN5W2, MN672, MN6J2, MNFT2"
,,,256 GB,"MN4K2, MN622, MN6D2, MN6P2, MNFY2"
,,Silver,32 GB,"MNQJ2, MNR22, MNR62, MNRA2, MNRK2"
,,,128 GB,"MN492, MN5U2, MN652, MN6G2, MNFQ2"
,,,256 GB,"MN4F2, MN602, MN6A2, MN6M2"
,"iPhone9,4",Black,32 GB,"MNQR2, MNQW2, MNQM2"
,,,128 GB,"MN522, MN5G2, MN4M2"
,,,256 GB,"MN592, MN5M2, MN4W2"
,,Gold,32 GB,"MNQU2, MNQY2, MNQP2"
,,,128 GB,"MN552, MN5J2, MN4Q2"
,,,256 GB,"MN5D2, MN5P2, MN4Y2"
,,Jet Black,128 GB,"MN572, MN5L2, MN4V2"
,,,256 GB,"MN5F2, MN5R2, MN512"
,,PRODUCT(RED),128 GB,"MPQW2, MPQY2"
,,,256 GB,"MPR72, MPR82"
,,Rose Gold,32 GB,"MNQV2, MNR02, MNQQ2"
,,,128 GB,"MN562, MN5K2, MN4U2"
,,,256 GB,"MN5E2, MN5Q2"
,,Silver,32 GB,"MNQT2, MNQX2, MNQN2"
,,,128 GB,"MN532, MN5H2, MN4P2"
,,,256 GB,"MN5C2, MN5N2, MN4X2, MN502"
iPhone 8,"iPhone10,1",Gold,64 GB,"MQ6M2, MQ742, MQ772, MQ7A2"
,,,256 GB,"MQ7H2, MQ802, MQ832, MQ862"
,,Silver,64 GB,"MQ6L2, MQ732, MQ762, MQ792"
,,,256 GB,"MQ7G2, MQ7Y2, MQ822, MQ852"
,,Space Gray,64 GB,"MQ6K2, MQ722, MQ752, MQ782"
,,,128 GB,MX132
,,,256 GB,"MQ7F2, MQ7X2, MQ812, MQ842"
,,PRODUCT(RED),64 GB,"MRRK2, MRRR2, MRRT2"
,,,256 GB,"MRRL2, MRRW2, MRRX2"
,"iPhone10,4",Gold,64 GB,"MQ6J2, MQ6X2, MQ712"
,,,256 GB,"MQ7E2, MQ7T2, MQ7W2"
,,Silver,64 GB,"MQ6H2, MQ6W2, MQ702"
,,,256 GB,"MQ7D2, MQ7R2, MQ7V2"
,,Space Gray,64 GB,"MQ6G2, MQ6V2, MQ6Y2"
,,,256 GB,"MQ7C2, MQ7Q2, MQ7U2"
,,PRODUCT(RED),64 GB,"MRRM2, MRRP2, MRRQ2"
,,,256 GB,"MRRN2, MRRU2, MRRV2"
iPhone 8 Plus,"iPhone10,2",Gold,64 GB,"MQ8F2, MQ9F2, MQ982, MQ9M2"
,,,256 GB,"MQ8J2, MQ9C2, MQ9J2, MQ9Q2"
,,Silver,64 GB,"MQ8E2, MQ9E2, MQ972, MQ9L2"
,,,256 GB,"MQ8H2, MQ9A2, MQ9H2, MQ9P2"
,,Space Gray,64 GB,"MQ8D2, MQ9D2, MQ962, MQ9K2"
,,,256 GB,"MQ8G2, MQ9G2, MQ992, MQ9N2"
,,PRODUCT(RED),64 GB,"MRTG2, MRTJ2, MRT72"
,,,256 GB,"MRTH2, MRTK2, MRT82"
,"iPhone10,5",Gold,64 GB,"MQ8N2, MQ8V2, MQ922"
,,,256 GB,"MQ8R2, MQ8Y2, MQ952"
,,Silver,64 GB,"MQ8M2, MQ8U2, MQ912"
,,,256 GB,"MQ8Q2, MQ8X2, MQ942"
,,Space Gray,64 GB,"MQ8L2, MQ8T2, MQ902"
,,,256 GB,"MQ8P2, MQ8W2, MQ932"
,,PRODUCT(RED),64 GB,"MRTC2, MRTE2, MRT92"
,,,256 GB,"MRTA2, MRTD2, MRTF2"
iPhone X,"iPhone10,3",Silver,64 GB,"MQCT2, MQCL2, MQAY2, MQA62"
,,,256 GB,"MQCW2, MQCP2, MQC22, MQA92"
,,Space Gray,64 GB,"MQCR2, MQCK2, MQAX2, MQA52"
,,,256 GB,"MQCV2, MQCN2, MQC12, MQA82"
,"iPhone10,6",Silver,64 GB,"MQAK2, MQAR2, MQAD2"
,,,256 GB,"MQAN2, MQAV2, MQAG2"
,,Space Gray,64 GB,"MQAJ2, MQAQ2, MQAC2"
,,,256 GB,"MQAM2, MQAU2, MQAF2"
iPhone XR,"iPhone11,8",Black,64 GB,"MT3K2, MT2E2, MT302, MT472"
,,,128 GB,"MT3T2, MT2L2, MT362, MT4G2"
,,,256 GB,"MT402, MT2T2, MT3D2, MT4R2"
,,Blue,64 GB,"MT3R2, MT2K2, MT352, MT4F2"
,,,128 GB,"MT3Y2, MT2R2, MT3C2, MT4Q2"
,,,256 GB,"MT462, MT2Y2, MT3J2, MT4Y2"
,,Coral,64 GB,"MT3Q2, MT2J2, MT342, MT4D2"
,,,128 GB,"MT3X2, MT2Q2, MT3A2, MT4N2"
,,,256 GB,"MT452, MT2X2, MT3H2, MT4X2"
,,PRODUCT(RED),64 GB,"MT3M2, MT2G2, MT322, MT492"
,,,128 GB,"MT3V2, MT2N2, MT382, MT4J2"
,,,256 GB,"MT422, MT2V2, MT3F2, MT4V2"
,,White,64 GB,"MT3L2, MT2F2, MT312, MT482"
,,,128 GB,"MT3U2, MT2M2, MT372, MT4H2"
,,,256 GB,"MT412, MT2U2, MT3E2, MT4U2"
,,Yellow,64 GB,"MT3N2, MT2H2, MT332, MT4A2"
,,,128 GB,"MT3W2, MT2P2, MT392, MT4L2"
,,,256 GB,"MT442, MT2W2, MT3G2, MT4W2"
,,Black,64 GB,MRY42
,,,128 GB,MRY92
,,,256 GB,MRYJ2
,,Blue,64 GB,MRYA2
,,,128 GB,MRYH2
,,,256 GB,MRYQ2
,,Coral,64 GB,MRY82
,,,128 GB,MRYG2
,,,256 GB,MRYP2
,,PRODUCT(RED),64 GB,MRY62
,,,128 GB,MRYE2
,,,256 GB,MRYM2
,,White,64 GB,MRY52
,,,128 GB,MRYD2
,,,256 GB,MRYL2
,,Yellow,64 GB,MRY72
,,,128 GB,MRYF2
,,,256 GB,MRYN2
,,Black,64 GB,MT002
,,,128 GB,MT0G2
,,,256 GB,MT0V2
,,Blue,64 GB,MT0E2
,,,128 GB,MT0U2
,,,256 GB,MT112
,,Coral,64 GB,MT0A2
,,,128 GB,MT0T2
,,,256 GB,MT102
,,PRODUCT(RED),64 GB,MT062
,,,128 GB,MT0N2
,,,256 GB,MT0X2
,,White,64 GB,MT032
,,,128 GB,MT0J2
,,,256 GB,MT0W2
,,Yellow,64 GB,MT082
,,,128 GB,MT0Q2
,,,256 GB,MT0Y2
,,Black,64 GB,MT122
,,,128 GB,MT192
,,,256 GB,MT1H2
,,Blue,64 GB,MT182
,,,128 GB,MT1G2
,,,256 GB,MT1Q2
,,Coral,64 GB,MT172
,,,128 GB,MT1F2
,,,256 GB,MT1P2
,,PRODUCT(RED),64 GB,MT142
,,,128 GB,MT1D2
,,,256 GB,MT1L2
,,White,64 GB,MT132
,,,128 GB,MT1A2
,,,256 GB,MT1J2
,,Yellow,64 GB,MT162
,,,128 GB,MT1E2
,,,256 GB,MT1M2
iPhone XS,"iPhone11,2",Gold,64 GB,"MT8W2, MTA22, MT8L2, MTAJ2, MT962"
,,,256 GB,"MT902, MTA92, MT8P2, MTAQ2, MT992"
,,,512 GB,"MT932, MTAF2, MT8T2, MTAV2, MT9D2"
,,Silver,64 GB,"MT8V2, MTA12, MT8K2, MTAH2, MT952"
,,,256 GB,"MT8Y2, MTA82, MT8N2, MTAN2, MT982"
,,,512 GB,"MT922, MTAD2, MT8R2, MTAU2, MT9C2"
,,Space Gray,64 GB,"MT8U2, MTA02, MT8J2, MTAG2, MT942"
,,,256 GB,"MT8X2, MTA72, MT8M2, MTAL2, MT972"
,,,512 GB,"MT912, MTAA2, MT8Q2, MTAR2, MT9A2"
,,Gold,64 GB,MT9G2
,,,256 GB,MT9K2
,,,512 GB,MT9N2
,,Silver,64 GB,MT9F2
,,,256 GB,MT9J2
,,,512 GB,MT9M2
,,Space Gray,64 GB,MT9E2
,,,256 GB,MT9H2
,,,512 GB,MT9L2
,,Gold,64 GB,MTAY2
,,,256 GB,MTE22
,,,512 GB,MTE52
,,Silver,64 GB,MTAX2
,,,256 GB,MTE12
,,,512 GB,MTE42
,,Space Gray,64 GB,MTAW2
,,,256 GB,MTE02
,,,512 GB,MTE32
,,Gold,64 GB,MT9R2
,,,256 GB,MT9V2
,,,512 GB,MT9Y2
,,Silver,64 GB,MT9Q2
,,,256 GB,MT9U2
,,,512 GB,MT9X2
,,Space Gray,64 GB,MT9P2
,,,256 GB,MT9T2
,,,512 GB,MT9W2
iPhone XS Max,"iPhone11,6",Gold,64 GB,"MT5X2, MT672, MT5M2, MT6H2, MT5C2, 3D897[6]"
,,,256 GB,"MT612, MT6A2, MT5Q2, MT6L2, MT5F2"
,,,512 GB,"MT642, MT6E2, MT5U2, MT6P2, MT5J2"
,,Silver,64 GB,"MT5W2, MT662, MT5L2, MT6G2, MT5A2"
,,,256 GB,"MT602, MT692, MT5P2, MT6K2, MT5E2"
,,,512 GB,"MT632, MT6D2, MT5T2, MT6N2, MT5H2"
,,Space Gray,64 GB,"MT5V2, MT652, MT5K2, MT6F2, MT592"
,,,256 GB,"MT5Y2, MT682, MT5N2, MT6J2, MT5D2"
,,,512 GB,"MT622, MT6C2, MT5R2, MT6M2, MT5G2"
,,Gold,64 GB,"MT522, 3D879[6]"
,,,256 GB,MT552
,,,512 GB,MT582
,,Silver,64 GB,MT512
,,,256 GB,MT542
,,,512 GB,MT572
,,Space Gray,64 GB,MT502
,,,256 GB,MT532
,,,512 GB,MT562
,,Gold,64 GB,MT6T2
,,,256 GB,MT6W2
,,,512 GB,MT702
,,Silver,64 GB,MT6R2
,,,256 GB,MT6V2
,,,512 GB,MT6Y2
,,Space Gray,64 GB,MT6Q2
,,,256 GB,MT6U2
,,,512 GB,MT6X2
,,Gold,64 GB,MT732
,,,256 GB,MT762
,,,512 GB,MT792
,,Silver,64 GB,MT722
,,,256 GB,MT752
,,,512 GB,MT782
,,Space Gray,64 GB,MT712
,,,256 GB,MT742
,,,512 GB,MT772
,"iPhone11,4",Gold,64 GB,MT7D2
,,,256 GB,MT7G2
,,,512 GB,?
,,Silver,64 GB,?
,,,256 GB,?
,,,512 GB,?
,,Space Gray,64 GB,?
,,,256 GB,MT7E2
,,,512 GB,?
iPhone 11,"iPhone12,1",Black,64 GB,"MWHT2, MWK02, MWJE2, MWKM2, MWL72"
,,,128 GB,"MWJ02, MWK72, MWJL2, MWKU2, MWLE2"
,,,256 GB,"MWJ62, MWKF2, MWJT2, MWL12, MWLL2"
,,Green,64 GB,"MWHY2, MWK62, MWJK2, MWKT2, MWLD2"
,,,128 GB,"MWJ52, MWKE2, MWJR2, MWL02, MWLK2"
,,,256 GB,"MWJD2, MWKL2, MWJY2, MWL62, MWLR2"
,,PRODUCT(RED),64 GB,"MWHV2, MWK22, MWJG2, MWKP2, MWL92"
,,,128 GB,"MWJ22, MWK92, MWJN2, MWKW2, MWLG2"
,,,256 GB,"MWJ92, MWKH2, MWJV2, MWL32, MWLN2"
,,Purple,64 GB,"MWHX2, MWK52, MWJJ2, MWKR2, MWLC2"
,,,128 GB,"MWJ42, MWKD2, MWJQ2, MWKY2, MWLJ2"
,,,256 GB,"MWJC2, MWKK2, MWJX2, MWL52, MWLQ2"
,,White,64 GB,"MWHU2, MWK12, MWJF2, MWKN2, MWL82"
,,,128 GB,"MWJ12, MWK82, MWJM2, MWKV2, MWLF2"
,,,256 GB,"MWJ72, MWKG2, MWJU2, MWL22, MWLM2"
,,Yellow,64 GB,"MWHW2, MWK32, MWJH2, MWKQ2, MWLA2"
,,,128 GB,"MWJ32, MWKC2, MWJP2, MWKX2, MWLH2"
,,,256 GB,"MWJA2, MWKJ2, MWJW2, MWL42, MWLP2"
,,Black,64 GB,MWLT2
,,,128 GB,MWM02
,,,256 GB,MWM72
,,Green,64 GB,MWLY2
,,,128 GB,MWM62
,,,256 GB,MWMD2
,,PRODUCT(RED),64 GB,MWLV2
,,,128 GB,MWM32
,,,256 GB,MWM92
,,Purple,64 GB,MWLX2
,,,128 GB,MWM52
,,,256 GB,MWMC2
,,White,64 GB,MWLU2
,,,128 GB,MWM22
,,,256 GB,MWM82
,,Yellow,64 GB,MWLW2
,,,128 GB,MWM42
,,,256 GB,MWMA2
,,Black,64 GB,MWN02
,,,128 GB,MWN72
,,,256 GB,MWNF2
,,Green,64 GB,MWN62
,,,128 GB,MWNE2
,,,256 GB,MWNL2
,,PRODUCT(RED),64 GB,MWN22
,,,128 GB,MWN92
,,,256 GB,MWNH2
,,Purple,64 GB,MWN52
,,,128 GB,MWND2
,,,256 GB,MWNK2
,,White,64 GB,MWN12
,,,128 GB,MWN82
,,,256 GB,MWNG2
,,Yellow,64 GB,MWN32
,,,128 GB,MWNC2
,,,256 GB,MWNJ2
iPhone 11 Pro,"iPhone12,3",Gold,64 GB,"MW9E2, MWA82, MW9T2, MWAQ2, MWCK2"
,,,256 GB,"MW9J2, MWAE2, MW9X2, MWAV2, MWCP2"
,,,512 GB,"MW9N2, MWAJ2, MWA42, MWC02, MWCU2"
,,Midnight Green,64 GB,"MW9F2, MWA92, MW9U2, MWAR2, MWCL2"
,,,256 GB,"MW9K2, MWAF2, MW9Y2, MWAW2, MWCQ2"
,,,512 GB,"MW9P2, MWAL2, MWA52, MWC12, MWCV2"
,,Silver,64 GB,"MW9D2, MWA72, MW9R2, MWAP2, MWCJ2"
,,,256 GB,"MW9H2, MWAD2, MW9W2, MWAU2, MWCN2"
,,,512 GB,"MW9M2, MWAH2, MWA32, MWAY2, MWCT2"
,,Space Gray,64 GB,"MW9C2, MWA62, MW9Q2, MWAM2, MWCH2"
,,,256 GB,"MW9G2, MWAA2, MW9V2, MWAT2, MWCM2"
,,,512 GB,"MW9L2, MWAG2, MWA12, MWAX2, MWCR2"
,,Gold,64 GB,MWC52
,,,256 GB,MWC92
,,,512 GB,MWCF2
,,Midnight Green,64 GB,MWC62
,,,256 GB,MWCC2
,,,512 GB,MWCG2
,,Silver,64 GB,MWC32
,,,256 GB,MWC82
,,,512 GB,MWCE2
,,Space Gray,64 GB,MWC22
,,,256 GB,MWC72
,,,512 GB,MWCD
,,Gold,64 GB,MWDC2
,,,256 GB,MWDG2
,,,512 GB,MWDL2
,,Midnight Green,64 GB,MWDD2
,,,256 GB,MWDH2
,,,512 GB,MWDM2
,,Silver,64 GB,MWDA2
,,,256 GB,MWDF2
,,,512 GB,MWDK2
,,Space Gray,64 GB,MWD92
,,,256 GB,MWDE2
,,,512 GB,MWDJ2
iPhone 11 Pro Max,"iPhone12,5",Gold,64 GB,"MWFC2, MWG42, MWFQ2, MWGH2, MWH12"
,,,256 GB,"MWFG2, MWG82, MWFV2, MWGM2, MWH62"
,,,512 GB,"MWFL2, MWGD2, MWG02, MWGR2, MWHA2"
,,Midnight Green,64 GB,"MWFD2, MWG52, MWFR2, MWGJ2, MWH22"
,,,256 GB,"MWFH2, MWG92, MWFW2, MWGN2, MWH72"
,,,512 GB,"MWFM2, MWGE2, MWG12, MWGT2, MWHC2"
,,Silver,64 GB,"MWFA2, MWG32, MWFP2, MWGG2, MWH02"
,,,256 GB,"MWFF2, MWG72, MWFU2, MWGL2, MWH52"
,,,512 GB,"MWFK2, MWGC2, MWFY2, MWGQ2, MWH92"
,,Space Gray,64 GB,"MWF92, MWG22, MWFN2, MWGF2, MWGY2"
,,,256 GB,"MWFE2, MWG62, MWFT2, MWGK2, MWH42"
,,,512 GB,"MWFJ2, MWGA2, MWFX2, MWGP2, MWH82"
,,Gold,64 GB,MWHG2
,,,256 GB,MWHL2
,,,512 GB,MWHQ2
,,Midnight Green,64 GB,MWHH2
,,,256 GB,MWHM2
,,,512 GB,MWHR2
,,Silver,64 GB,MWHF2
,,,256 GB,MWHK2
,,,512 GB,MWHP2
,,Space Gray,64 GB,MWHD2
,,,256 GB,MWHJ2
,,,512 GB,MWHN2
,,Gold,64 GB,MWEX2
,,,256 GB,MWF32
,,,512 GB,MWF72
,,Midnight Green,64 GB,MWF02
,,,256 GB,MWF42
,,,512 GB,MWF82
,,Silver,64 GB,MWEW2
,,,256 GB,MWF22
,,,512 GB,MWF62
,,Space Gray,64 GB,MWEV2
,,,256 GB,MWF12
,,,512 GB,MWF52
iPhone SE (2nd generation),"iPhone12,8",White,64 GB,"MX9T2, MX9A2, MX9H2, MX9E2, MX9L2, MX9P2, MXAN2, MHGQ3"
,,,128 GB,"MXD12, MXCJ2, MXCQ2, MXCM2, MXCU2, MXCX2, MXD72, MHGU3"
,,,256 GB,"MXVU2, MXVC2, MXVJ2, MXVF2, MXVM2, MXVQ2, MXW12, MHGX3"
,,Black,64 GB,"MX9R2, MX992, MX9G2, MX9D2, MX9K2, MX9N2, MXAM2, MHGP3"
,,,128 GB,"MXD02, MXCH2, MXCP2, MXCL2, MXCT2, MXCW2, MXD62, MHGT3"
,,,256 GB,"MXVT2, MXVA2, MXVH2, MXVE2, MXVL2, MXVP2, MXW02, MHGW3"
,,PRODUCT(RED),64 GB,"MX9U2, MX9C2, MX9J2, MX9F2, MX9M2, MX9Q2, MXAP2, MHGR3"
,,,128 GB,"MXD22, MXCK2, MXCR2, MXCN2, MXCV2, MXCY2, MXD82, MHGV3"
,,,256 GB,"MXVV2, MXVD2, MXVK2, MXVG2, MXVN2, MXVR2, MXW22, MHGY3"
iPhone 12 mini,"iPhone13,1",White,64 GB,"MG803, MGDY3, MG613, MG7H3, MG713, MG6H3, MG8G3, MGA63"
,,,128 GB,"MG853, MGE43, MG8M3, MG663, MG7N3, MG763, MG6N3, MGDM3"
,,,256 GB,"MG8A3, MGEA3, MG6C3, MG7U3, MG7C3, MG6V3, MG8T3, MGDT3"
,,Black,64 GB,"MG7Y3, MGDX3, MG603, MG7G3, MG703, MG6G3, MG8F3, MGA03"
,,,128 GB,"MG843, MGE33, MG653, MG7M3, MG753, MG6M3, MG8L3, MGDJ3"
,,,256 GB,"MG893C, MGE93, MG8R3, MG6A3, MG7T3, MG7A3, MG6U3, MGDR3"
,,PRODUCT(RED),64 GB,"MG813, MGE03, MG623, MG7J3, MG723, MG6J3, MG8H3, MGAE3"
,,,128 GB,"MG863, MGE53, MG8N3, MG673, MG7P3, MG6P3, MG773, MGDN3"
,,,256 GB,"MG8C3, MGEC3, MG6D3, MG7V3, MG7D3, MG6W3, MG8U3, MGDU3"
,,Green,64 GB,"MG833, MGE23, MG8K3, MG643, MG7L3, MG743, MG6L3, MGAV3"
,,,128 GB,"MG883, MGE73, MG693, MG7R3, MG793, MG6T3, MG8Q3, MGDQ3"
,,,256 GB,"MG8E3, MGEE3, MG8W3, MG6F3, MG7X3, MG7F3, MG6Y3, MGDW3"
,,Blue,64 GB,"MG823, MGE13, MG8J3, MG633, MG7K3, MG733, MG6K3, MGAP3"
,,,128 GB,"MG873, MGE63, MG683, MG7Q3, MG783, MG6Q3, MG8P3, MGDP3"
,,,256 GB,"MG8D3, MGED3, MG6E3, MG7W3, MG7E3, MG6X3, MG8V3, MGDV3"
,,Purple,64 GB,"MJNL3, MJQ23, MJNY3, MJNT3, MJQ83, MJQF3, MJQ53, MJQC3"
,,,128 GB,"MJQ93, MJNN3, MJQ33, MJQ03, MJNW3, MJQG3, MJQ63, MJQD3"
,,,256 GB,"MJNR3, MJQ43, MJQ13, MJNX3, MJQA3, MJQH3, MJQ73, MJQE3"
iPhone 12,"iPhone13,2",White,64 GB,"MGGN3, MGJ63, MGEG3, MGG63, MGFM3, MGF53, MGH73, MGHP3"
,,,128 GB,"MGGV3, MGJC3, MGHD3, MGET3, MGGC3, MGFT3, MGFA3, MGHV3"
,,,256 GB,"MGH23, MGJH3, MGF03, MGGH3, MGG13, MGFG3, MGHJ3, MGJ13"
,,Black,64 GB,"MGGM3, MGJ53, MGEF3, MGG53, MGFL3, MGF43, MGH63, MGHN3"
,,,128 GB,"MGGU3, MGJA3, MGHC3, MGER3, MGGA3, MGFR3, MGF93, MGHU3"
,,,256 GB,"MGH13, MGJG3, MGHH3, MGEX3, MGGG3, MGG03, MGFF3, MGJ03"
,,PRODUCT(RED),64 GB,"MGGP3, MGJ73, MGEH3, MGG73, MGFN3, MGF63, MGH83, MGHQ3"
,,,128 GB,"MGGW3, MGJD3, MGHE3, MGEU3, MGGD3, MGFW3, MGFC3, MGHW3"
,,,256 GB,"MGH33, MGJJ3, MGF13, MGGJ3, MGG23, MGFH3, MGHK3, MGJ23"
,,Green,64 GB,"MGGT3, MGJ93, MGEQ3, MGG93, MGFQ3, MGF83, MGHA3, MGHT3"
,,,128 GB,"MGGY3, MGJF3, MGHG3, MGEW3, MGGF3, MGFY3, MGFE3, MGHY3"
,,,256 GB,"MGH53, MGJL3, MGHM3, MGF33, MGGL3, MGG43, MGFK3, MGJ43"
,,Blue,64 GB,"MGGQ3, MGJ83, MGH93, MGEK3, MGG83, MGFP3, MGF73, MGHR3"
,,,128 GB,"MGGX3, MGJE3, MGEV3, MGGE3, MGFX3, MGFD3, MGHF3, MGHX3"
,,,256 GB,"MGH43, MGJK3, MGF23, MGGK3, MGG33, MGFJ3, MGHL3, MGJ33"
,,Purple,64 GB,"MJMX3, MJN73, MJN43, MJN13, MJNE3, MJNM3, MJNA3, MJNH3"
,,,128 GB,"MJNF3, MJMY3, MJN83, MJN53, MJN23, MJNP3, MJNC3, MJNJ3"
,,,256 GB,"MJN03, MJN93, MJN63, MJN33, MJNG3, MJNQ3, MJND3, MJNK3"
iPhone 12 Pro,"iPhone13,3",Silver,128 GB,"MGLA3, MGML3, MGJN3, MGKW3, MGKH3, MGK23, MGLP3, MGM63"
,,,256 GB,"MGLF3, MGMQ3, MGLU3, MGJT3, MGL23, MGKM3, MGK63, MGMA3"
,,,512 GB,"MGLK3, MGMV3, MGJX3, MGL63, MGKR3, MGKC3, MGLY3, MGMG3"
,,Graphite,128 GB,"MGL93, MGMK3, MGJM3, MGKV3, MGKG3, MGK13, MGLN3, MGM53"
,,,256 GB,"MGLE3, MGMP3, MGLT3, MGJR3, MGKL3, MGK53, MGL03, MGM93"
,,,512 GB,"MGLJ3, MGMU3, MGLX3, MGJW3, MGL53, MGKQ3, MGKA3, MGMF3"
,,Gold,128 GB,"MGLC3, MGMM3, MGJP3, MGKX3, MGKJ3, MGK33, MGLQ3, MGM73"
,,,256 GB,"MGLG3, MGMR3, MGJU3, MGL33, MGKN3, MGK73, MGLV3, MGMC3"
,,,512 GB,"MGLL3, MGMW3, MGM23, MGJY3, MGL73, MGKT3, MGKE3, MGMH3"
,,Pacific Blue,128 GB,"MGLD3, MGMN3, MGJQ3, MGKY3, MGKK3, MGK43, MGLR3, MGM83"
,,,256 GB,"MGLH3, MGMT3, MGJV3, MGL43, MGKP3, MGK93, MGLW3, MGMD3"
,,,512 GB,"MGLM3, MGMX3, MGK03, MGL83, MGKU3, MGKF3, MGM43, MGMJ3"
iPhone 12 Pro Max,"iPhone13,4",Silver,128 GB,"MGC13, MGD83, MG8Y3, MGA93, MG9Q3, MG9C3, MGCG3, MGCV3"
,,,256 GB,"MGC53, MGDD3, MGCL3, MG933, MGAJ3, MG9V3, MG9G3, MGD03"
,,,512 GB,"MGCA3, MGDH3, MG973, MGAU3, MGA23, MG9L3, MGCQ3, MGD43"
,,Graphite,128 GB,"MGC03, MGD73, MG8X3, MGA73, MG9P3, MG9A3, MGCF3, MGCU3"
,,,256 GB,"MGC43, MGDC3, MGCK3, MG923, MGAH3, MG9U3, MG9F3, MGCY3"
,,,512 GB,"MGC93, MGDG3, MGCP3, MG963, MGAR3, MG9Y3, MG9K3, MGD33"
,,Gold,128 GB,"MGC23, MGD93, MG903, MGAA3, MG9R3, MG9D3, MGCH3, MGCW3"
,,,256 GB,"MGC63, MGDE3, MG943, MGAM3, MG9W3, MG9H3, MGCM3, MGD13"
,,,512 GB,"MGCC3, MGDK3, MGCR3, MG983, MGAW3, MGA33, MG9M3, MGD53"
,,Pacific Blue,128 GB,"MGC33, MGDA3, MGCJ3, MG913, MGAF3, MG9T3, MG9E3, MGCX3"
,,,256 GB,"MGC73, MGDF3, MG953, MGAQ3, MG9X3, MG9J3, MGCN3, MGD23"
,,,512 GB,"MGCE3, MGDL3, MG993, MGAX3, MGA43, MG9N3, MGCT3, MGD63"
iPhone 13 mini,"iPhone14,4",PRODUCT(RED),128 GB,"MLK33, MLHQ3, MLDF3, MLJG3"
,,,256 GB,"MLK83, MLHW3, MLDL3, MLJM3"
,,,512 GB,"MLKE3, MLJ23, MLDR3, MLJW3"
,,Starlight,128 GB,"MLK13, MLHN3, MLDD3, MLJE3"
,,,256 GB,"MLK63, MLHU3, MLDJ3, MLJK3"
,,,512 GB,"MLKC3, MLJ03, MLDP3, MLJR3"
,,Midnight,128 GB,"MLK03, MLHM3, MLDC3, MLJC3"
,,,256 GB,"MLK53, MLHT3, MLDH3, MLJJ3"
,,,512 GB,"MLKA3, MLHY3, MLDN3, MLJP3"
,,Blue,128 GB,"MLK43, MLHR3, MLDG3, MLJH3"
,,,256 GB,"MLK93, MLHX3, MLDM3, MLJN3"
,,,512 GB,"MLKF3, MLJ33, MLDT3, MLJY3"
,,Pink,128 GB,"MLK23, MLHP3, MLDE3, MLJF3"
,,,256 GB,"MLK73, MLHV3, MLDK3, MLJL3"
,,,512 GB,"MLKD3, MLJ13, MLDQ3, MLJU3"
,,Green,128 GB,"MNF83, MNF53, MNFF3, MNFC3"
,,,256 GB,"MNF93, MNF63, MNFG3, MNFD3"
,,,512 GB,"MNFA3, MNF73, MNFH3, MNFE3"
iPhone 13,"iPhone14,5",PRODUCT(RED),128 GB,"MLPJ3, MLMQ3, MLDX3, MLNF3"
,,,256 GB,"MLQ93, MLN03, MLE33, MLNL3"
,,,512 GB,"MLQF3, MLN53, MLEA3, MLNR3"
,,Starlight,128 GB,"MLPG3, MLMM3, MLDV3, MLND3"
,,,256 GB,"MLQ73, MLMX3, MLE13, MLNJ3"
,,,512 GB,"MLQD3, MLN33, MLE73, MLNP3"
,,Midnight,128 GB,"MLPF3, MLML3, MLDU3, MLNC3"
,,,256 GB,"MLQ63, MLN23, MLE03, MLNH3"
,,,512 GB,"MLQC3, MLN23, MLE63, MLNN3"
,,Blue,128 GB,"MLPK3, MLMT3, MLDY3, MLNG3"
,,,256 GB,"MLQA3, MLN13, MLE43, MLNM3"
,,,512 GB,"MLQG3, MLN83, MLEC3, MLNT3"
,,Pink,128 GB,"MLPH3, MLMN3, MLDW3, MLNE3"
,,,256 GB,"MLQ83, MLMY3, MLE23, MLNK3"
,,,512 GB,"MLQE3, MLN43, MLE93, MLNQ3"
,,Green,128 GB,"MNGD3, MNG93, MNGK3, MNGG3"
,,,256 GB,"MNGE3, MNGA3, MNGL3, MNGH3"
,,,512 GB,"MNGF3, MNGC3, MNGM3, MNGJ3"
iPhone 13 Pro,"iPhone14,2",Graphite,128 GB,"MLV93, MLTP3, MLT53"
,,,256 GB,"MLVE3, MLTW3, MLT93"
,,,512 GB,"MLVH3, MLU13, MLTF3"
,,,1TB,"MLVV3, MLU93, MLTK3"
,,Gold,128 GB,"MLVC3, MLTR3, MLT73"
,,,256 GB,"MLVK3, MLTY3, MLTH3"
,,,512 GB,"MLVQ3, MLU43, MLTH3"
,,,1TB,"MLVY3, MLUC3, MLTM3"
,,Silver,128 GB,"MLVA3, MLTQ3, MLT63"
,,,256 GB,"MLVF3, MLTX3, MLTC3"
,,,512 GB,"MLVN3, MLU33, MLTG3"
,,,1TB,"MLVW3, MLUA3, MLTL3"
,,Sierra Blue,128 GB,"MLVD3, MLTT3, MLT83"
,,,256 GB,"MLVP3, MLU03, MLTE3"
,,,512 GB,"MLVU3, MLU73, MLTJ3"
,,,1TB,"MLW03, MLUD3, MLTN3"
,,Alpine Green,128 GB,"MNDT3, MNDN3, MNE23"
,,,256 GB,"MNDU3, MNDP3, MNE33"
,,,512 GB,"MNDV3, MNDQ3, MNE43"
,,,1 TB,"MNDW3, MNDR3, MNE53"
iPhone 13 Pro Max,"iPhone14,3",Graphite,128 GB,"MLL63, MLKL3, MLH43"
,,,256 GB,"MLLA3, MLKR3, MLH83"
,,,512 GB,"MLLF3, MLKW3, MLHD3"
,,,1TB,"MLLK3, MLL23, MLHH3"
,,Gold,128 GB,"MLL83, MLKN3, MLH63"
,,,256 GB,"MLLD3, MLKU3, MLHA3"
,,,512 GB,"MLLH3, MLKY3, MLHF3"
,,,1TB,"MLLM3, MLL43, MLHK3"
,,Silver,128 GB,"MLL73, MLKM3, MLH53"
,,,256 GB,"MLLC3, MLKT3, MLH93"
,,,512 GB,"MLLG3, MLKX3, MLHE3"
,,,1TB,"MLLL3, MLL33, MLHJ3"
,,Sierra Blue,128 GB,"MLL93, MLKP3, MLH73"
,,,256 GB,"MLLE3, MLKV3, MLHC3"
,,,512 GB,"MLLJ3, MLL03, MLHG3"
,,,1TB,"MLLN3, MLL53, MLHL3"
,,Alpine Green,128 GB,"MNCP3, MNCK3, MNCY3"
,,,256 GB,"MNCQ3, MNCL3, MND03"
,,,512 GB,"MNCR3, MNCM3, MND13"
,,,1 TB,"MNCT3, MNCN3, MND23"
iPhone SE (3rd generation),"iPhone14,6",Midnight,64 GB,"MMX53, MMWV3, MMXF3, MMYC3"
,,,128 GB,"MMX83, MMWY3, MMXJ3, MMYF3"
,,,256 GB,"MMXC3, MMX23, MMXM3, MMYJ3"
,,Starlight,64 GB,"MMX63, MMWW3, MMXG3, MMYD3"
,,,128 GB,"MMX93, MMX03, MMXK3, MMYG3"
,,,256 GB,"MMXD3, MMX33, MMXN3, MMYK3"
,,PRODUCT(RED),64 GB,"MMX73, MMWX3, MMXH3, MMYE3"
,,,128 GB,"MMXA3, MMX13, MMXL3, MMYH3"
,,,256 GB,"MMXE3, MMX43, MMXP3, MMYL3"
iPhone 14,"iPhone14,7",Blue,128 GB,"MPVN3, MPVH3, MPVG3, MPVJ3"
,,,256 GB,"MPWP3, MPWM3, MPWL3, MPWN3"
,,,512 GB,"MPXN3, MPXL3, MPXK3, MPXM3"
,,Midnight,128 GB,"MPUF3, MPUA3, MPU93, MPUD3V"
,,,256 GB,"MPVX3, MPVV3, MPVU3, MPVW3"
,,,512 GB,"MPWW3, MPWU3, MPWT3, MPWV3"
,,Starlight,128 GB,"MPUR3, MPUN3, MPUJ3, MPUQ3"
,,,256 GB,"MPW43, MPW23, MPW13, MPW33"
,,,512 GB,"MPX33, MPX13, MPX03, MPX23"
,,PRODUCT(RED),128 GB,"MPVA3, MPV73, MPV63, MPV93"
,,,256 GB,"MPWH3, MPWF3, MPWE3, MPWG3"
,,,512 GB,"MPXG3, MPXE3, MPXD3, MPXF3"
,,Purple,128 GB,"MPV03, MPUX3, MPUW3, MPUY3"
,,,256 GB,"MPWA3, MPW83, MPW73, MPW93"
,,,512 GB,"MPX93, MPX73, MPX63, MPX83"
iPhone 14 Plus,"iPhone14,8",Blue,128 GB,"MQ523, MQ3W3, MQ3A3, MQ4H3"
,,,256 GB,"MQ583, MQ423, MQ3G3, MQ4Q3"
,,,512 GB,"MQ5G3, MQ493, MQ3Q3, MQ4W3"
,,Midnight,128 GB,"MQ4X3, MQ3R3, MQ353, MQ4A3"
,,,256 GB,"MQ533, MQ3X3, MQ3C3, MQ4J3"
,,,512 GB,"MQ593, MQ433, MQ3H3, MQ4R3"
,,Starlight,128 GB,"MQ4Y3, MQ3T3, MQ363, MQ4D3"
,,,256 GB,"MQ553, MQ3Y3, MQ3D3, MQ4L3"
,,,512 GB,"MQ5D3, MQ443, MQ3J3, MQ4T3"
,,PRODUCT(RED),128 GB,"MQ513, MQ3V3, MQ393, MQ4F3"
,,,256 GB,"MQ573, MQ413, MQ3F3, MQ4P3"
,,,512 GB,"MQ5F3, MQ473, MQ3P3, MQ4V3"
,,Purple,128 GB,"MQ503, MQ3U3, MQ373, MQ4E3"
,,,256 GB,"MQ563, MQ403, MQ3E3, MQ4M3V"
,,,512 GB,"MQ5E3, MQ463, MQ3K3, MQ4U3"
iPhone 14 Pro,"iPhone15,2",Deep Purple,128 GB,"MQ0E3, MQ0G3, MQ0D3, MQ0F3"
,,,256 GB,"MQ1D3, MQ1F3, MQ1C3, MQ1E3"
,,,512 GB,"MQ273, MQ293, MQ263, MQ283"
,,,1 TB,"MQ303, MQ323, MQ2Y3, MQ313"
,,Gold,128 GB,"MQ063, MQ083, MQ053, MQ073"
,,,256 GB,"MQ163, MQ183, MQ143, MQ173"
,,,512 GB,"MQ213, MQ233, MQ203, MQ223"
,,,1 TB,"MQ2T3, MQ2V3, MQ2R3, MQ2U3"
,,Silver,128 GB,"MQ003, MQ023, MPXY3, MQ013"
,,,256 GB,"MQ0X3, MQ103, MQ0W3, MQ0Y3"
,,,512 GB,"MQ1U3, MQ1W3, MQ1R3, MQ1V3"
,,,1 TB,"MQ2L3, MQ2N3, MQ2K3, MQ2M3"
,,Space Black,128 GB,"MPXT3, MPXV3, MPXR3, MPXU3"
,,,256 GB,"MQ0N3, MQ0T3, MQ0M3, MQ0Q3"
,,,512 GB,"MQ1K3, MQ1M3, MQ1J3, MQ1L3"
,,,1 TB,"MQ2E3, MQ2G3, MQ2D3, MQ2F3"
iPhone 14 Pro Max,"iPhone15,3",Deep Purple,128 GB,"MQ9T3, MQ8R3, MQ863, MQ993"
,,,256 GB,"MQ9X3, MQ8W3, MQ8A3, MQ9E3"
,,,512 GB,"MQAM3, MQ913, MQ8G3, MQ9J3"
,,,1 TB,"MQC53, MQ953, MQ8M3, MQ9N3"
,,Gold,128 GB,"MQ9R3, MQ8Q3, MQ853, MQ983"
,,,256 GB,"MQ9W3, MQ8V3, MQ893, MQ9D3"
,,,512 GB,"MQAJ3, MQ903, MQ8F3, MQ9H3"
,,,1 TB,"MQC43, MQ943, MQ8L3, MQ9M3"
,,Silver,128 GB,"MQ9Q3, MQ8P3, MQ843, MQ973"
,,,256 GB,"MQ9V3, MQ8U3, MQ883, MQ9C3"
,,,512 GB,"MQAH3, MQ8Y3, MQ8E3, MQ9G3"
,,,1 TB,"MQC33, MQ933, MQ8J3, MQ9L3"
,,Space Black,128 GB,"MQ9P3, MQ8N3, MQ833, MQ963"
,,,256 GB,"MQ9U3, MQ8T3, MQ873, MQ9A3"
,,,512 GB,"MQAF3, MQ8X3, MQ8D3, MQ9F3"
,,,1 TB,"MQC23, MQ923, MQ8H3, MQ9K3"